Nombre;Pais;Disciplina;
RELinda;afh;Arquería;
No;aseraConC;Arquería;
Montaner;afh;Arquería;
afads;afh;Arquería;
Nomber1;afh;Basketball;
Nomber3;afh;Basketball;
Nomber4;afh;Basketball;
Nomber5;afh;Basketball;
Nomber7;afh;Basketball;
Nomber8;afh;Basketball;
Nomber9;afh;Basketball;
Nomber11;afh;Basketball;
Nomber12;afh;Basketball;
Nomber13;afh;Basketball;
Nomber14;afh;Basketball;
Nomber15;afh;Basketball;
Nomber16;afh;Basketball;
Nomber17;afh;Basketball;
Nomber18;afh;Basketball;
Nomber19;afh;Basketball;
Nomber20;afh;Basketball;
Nomber21;afh;Basketball;
Nomber23;afh;Basketball;
Nomber24;afh;Basketball;
Nomber25;afh;Basketball;
Nomber26;afh;Basketball;
Nomber27;afh;Basketball;
Nomber28;afh;Basketball;
Nomber29;afh;Basketball;
Nomber12;afh;Basketball;
Nomber13;afh;Basketball;
Nomber14;afh;Basketball;
Nomber15;afh;Basketball;
Nomber16;afh;Basketball;
Nomber17;afh;Basketball;
Nomber18;afh;Basketball;
Nomber19;afh;Basketball;
Nomber20;afh;Basketball;
Nomber23;afh;Basketball;
Nomber24;afh;Basketball;
Nomber25;afh;Basketball;
Nomber26;afh;Basketball;
Nomber27;afh;Basketball;
Nomber28;afh;Basketball;
Nomber29;afh;Basketball;
